ST00001,Eleanor,Carter,8407442664,Female,IT,96.22
ST00002,Mila,Collins,5713856987,Female,IT,74.42
ST00003,Sofia,Evans,8144613897,Male,BUSINESS,89.81
ST00004,Benjamin,Williams,2489514590,Female,IT,92.43
ST00005,Aiden,Davis,8961133360,Male,IT,73.44
ST00006,Matthew,Williams,7099641070,Female,DESIGN,88.38
ST00007,Ella,Reed,7403840331,Female,BUSINESS,90.93
ST00008,Mila,Bell,7400815423,Male,BUSINESS,72.09
ST00009,Alexander,Rogers,8581434283,Female,BUSINESS,96.55
ST00010,Grace,Rivera,4194085440,Male,IT,94.94
ST00011,Grace,Stewart,9404593983,Male,IT,73.01
ST00012,Elijah,Morris,4598691815,Female,IT,80.17
ST00013,Camila,Taylor,0688912181,Female,BUSINESS,94.24
ST00014,Emma,Smith,5716249440,Female,IT,79.01
ST00015,Christopher,Taylor,9900537082,Male,DESIGN,74.48
ST00016,Harper,Clark,3436225873,Female,DESIGN,84.52
ST00017,Sofia,Sanders,9588016075,Female,DESIGN,74.25
ST00018,William,Bailey,8619593684,Male,BUSINESS,71.66
ST00019,Aiden,Brown,7433674784,Male,IT,97.68
ST00020,Alexander,Taylor,4473564785,Female,IT,86.09
ST00021,Isabella,Howard,9376808132,Female,IT,96.08
ST00022,Isabella,Johnson,9662675165,Female,BUSINESS,70.42
ST00023,Emma,Morris,2303149011,Female,DESIGN,74.98
ST00024,Carter,Murphy,5888362084,Female,IT,82.11
ST00025,David,Phillips,6914631934,Female,BUSINESS,76.57
ST00026,Emma,Mitchell,4889030104,Male,IT,99.67
ST00027,Emily,Baker,1994629305,Male,IT,97.68
ST00028,Victoria,Wilson,2019737796,Male,DESIGN,82.67
ST00029,Noah,Bell,3771423561,Female,DESIGN,83.48
ST00030,Mila,Clark,4828865635,Female,BUSINESS,88.39
ST00031,Oliver,Evans,5909408250,Male,BUSINESS,93.68
ST00032,Ryan,Johnson,6787845664,Female,IT,79.91
ST00033,Madison,Howard,7197550786,Male,IT,79.42
ST00034,David,Brown,8340243943,Male,IT,77.47
ST00035,Elizabeth,Carter,8337616101,Male,BUSINESS,94.82
ST00036,Amelia,Murphy,5709854464,Male,DESIGN,88.03
ST00037,Lily,Williams,2761819219,Male,IT,81.72
ST00038,Penelope,Roberts,5436969215,Female,BUSINESS,77.73
ST00039,Elijah,Brown,9080481227,Female,IT,97.74
ST00040,Sophia,Cooper,8020838642,Male,IT,99.42
ST00041,Oliver,Walker,3950422352,Male,BUSINESS,73.64
ST00042,Alexander,Clark,5717789961,Male,DESIGN,86.45
ST00043,Olivia,Taylor,4980749601,Male,IT,75.06
ST00044,Ella,Johnson,9380003325,Female,IT,89.98
ST00045,Joseph,Murphy,6083934650,Female,BUSINESS,92.41
ST00046,Grace,Lewis,4231007221,Male,DESIGN,82.32
ST00047,Lucas,Morgan,4654573977,Female,IT,89.96
ST00048,Daniel,Collins,7337342970,Female,DESIGN,77.33
ST00049,Lily,Bailey,9654522197,Female,BUSINESS,98.88
ST00050,Jonathan,Davis,1335981116,Female,IT,71.14
ST00052,Avery,Campbell,8766009126,Male,IT,97.45
ST00053,Olivia,Parker,0164398183,Female,BUSINESS,82.56
ST00054,Emma,Miller,3309479935,Male,DESIGN,92.64
ST00055,Ava,Edwards,0451388487,Female,BUSINESS,97.62
ST00056,Benjamin,Carter,5187648918,Male,BUSINESS,90.59
ST00057,Sebastian,Campbell,3041208027,Female,IT,85.36
ST00058,Amelia,Roberts,5552261702,Male,IT,99.86
ST00059,Emma,Cooper,2954849161,Male,BUSINESS,72.61
ST00060,Camila,Edwards,8588448691,Female,BUSINESS,88.72
ST00061,Avery,Baker,3778440319,Male,DESIGN,92.6
ST00062,Henry,Rivera,3381217470,Female,BUSINESS,88.26
ST00063,Sofia,Morgan,4015835181,Male,BUSINESS,78.69
ST00064,Elijah,Evans,6610159036,Female,IT,90.88
ST00065,Madison,Perez,6772061897,Female,DESIGN,96.37
ST00066,Benjamin,Bell,7245192312,Female,DESIGN,92.75
ST00067,Sophia,Wilson,6917001339,Female,BUSINESS,72.21
ST00068,Avery,Morgan,9600418154,Female,BUSINESS,98.05
ST00069,Alexander,Johnson,9959415031,Female,BUSINESS,96.84
ST00070,Lily,Reed,9604337920,Female,IT,88.73
ST00071,Grace,Nelson,7393529899,Female,BUSINESS,83.38
ST00072,Noah,Bailey,4492602563,Female,IT,79.15
ST00073,Sebastian,Phillips,3340735148,Male,BUSINESS,72.42
ST00074,Mia,Wilson,8677562125,Male,DESIGN,96.56
ST00075,John,Howard,6989386791,Male,DESIGN,84.29
ST00076,Grace,Clark,4619533541,Female,IT,70.07
ST00077,Ella,Edwards,5066105578,Female,DESIGN,86.81
ST00078,Sophia,Green,1440850938,Male,DESIGN,75.69
ST00079,Sophia,Cooper,2455892623,Female,IT,90.54
ST00080,Grace,King,7880863269,Male,BUSINESS,72.76
ST00081,Isabella,Nelson,5511861053,Male,BUSINESS,92.67
ST00082,Elizabeth,Carter,6703135071,Male,DESIGN,77.09
ST00083,Matthew,Green,7691306381,Male,IT,90.9
ST00084,Olivia,Turner,6644201497,Female,BUSINESS,98.28
ST00085,Noah,Allen,7573668199,Female,BUSINESS,74.53
ST00086,James,Brown,5254342302,Female,IT,89.3
ST00087,Emily,King,4776692382,Male,BUSINESS,98.61
ST00088,Grace,Ward,6858977228,Male,DESIGN,96.56
ST00089,Daniel,Cooper,9991085865,Female,BUSINESS,73.4
ST00090,John,Sanders,2679374868,Male,IT,95.89
ST00091,Liam,Rivera,5275110884,Male,BUSINESS,76.26
ST00092,James,Turner,7287295840,Female,BUSINESS,73.85
ST00093,Madison,Bailey,8078555782,Male,IT,98.87
ST00094,Elijah,Howard,8464024697,Female,DESIGN,74.79
ST00095,Oliver,Taylor,0192509080,Male,IT,81.31
ST00096,James,Phillips,4796211511,Male,BUSINESS,76.62
ST00097,John,Smith,8723455343,Female,BUSINESS,76.51
ST00098,Sofia,Sanders,6523243926,Male,IT,95.78
ST00099,Ava,Jones,5290372610,Female,IT,76.71
ST00100,Ella,Wright,4470837093,Female,DESIGN,87.3
ST00101,Luna,Perez,5344776586,Male,DESIGN,99.65
ST00102,James,King,7136006247,Male,DESIGN,77.94
ST00103,Sophia,Phillips,0399754162,Female,DESIGN,75.34
ST00104,Scarlett,Roberts,3117538884,Female,DESIGN,94.17
ST00105,Liam,Morris,2560211680,Male,BUSINESS,73.42
ST00106,Ella,Carter,4438138328,Female,IT,75.22
ST00107,Christopher,Phillips,8510574178,Female,DESIGN,96.95
ST00108,Alexander,Cooper,5576954134,Female,BUSINESS,95.89
ST00109,Evelyn,Lewis,9468963020,Male,BUSINESS,70.54
ST00110,Amelia,Scott,1482355302,Male,IT,93.78
ST00111,Michael,Young,4137020194,Female,DESIGN,78.56
ST00112,Mia,Rivera,4896256244,Male,BUSINESS,95.03
ST00113,Elizabeth,Cook,1207460792,Male,DESIGN,75.9
ST00114,Jackson,Miller,6464109196,Male,DESIGN,77.4
ST00115,Ryan,Miller,5493868605,Male,IT,94.16
ST00116,Sebastian,Jones,5511465120,Male,BUSINESS,80.41
ST00117,Ella,Stewart,9392619316,Female,IT,94.57
ST00118,Mia,Williams,2542304871,Male,IT,100.0
ST00119,Liam,Green,1807707926,Male,DESIGN,72.92
ST00120,Sebastian,Baker,5723823359,Male,IT,92.94
ST00121,Jonathan,Clark,4879777414,Female,BUSINESS,75.16
ST00122,Victoria,Wilson,7714986109,Female,BUSINESS,76.3
ST00123,Aiden,Rivera,8663652847,Male,DESIGN,95.91
ST00124,Sofia,Rogers,8352295710,Female,IT,73.45
ST00125,Grace,Gonzalez,5027099373,Male,BUSINESS,86.31
ST00126,Michael,Stewart,9377530283,Female,IT,72.19
ST00127,Charlotte,Evans,1612207188,Female,IT,98.9
ST00128,Ella,Smith,8143074367,Male,IT,73.83
ST00129,Lily,Scott,3671096187,Female,IT,88.01
ST00130,Amelia,Cook,9313962698,Female,DESIGN,80.38
ST00131,Evelyn,Wright,6355708454,Female,BUSINESS,70.41
ST00132,Emma,King,6229230010,Male,IT,76.15
ST00133,Liam,Bailey,3781654062,Male,IT,77.5
ST00134,Ella,Jones,6267208582,Female,IT,74.61
ST00135,Christopher,Brown,7418325064,Male,BUSINESS,94.89
ST00136,James,Wright,3562561170,Male,DESIGN,72.75
ST00137,Grace,Evans,8210740194,Female,BUSINESS,99.43
ST00138,David,Wilson,8414585745,Male,IT,89.93
ST00139,Isabella,Edwards,1179930631,Male,DESIGN,91.8
ST00140,Madison,Gonzalez,6489777405,Male,DESIGN,78.55
ST00141,Matthew,Taylor,9347487086,Male,BUSINESS,94.76
ST00142,Avery,Rogers,4993849457,Female,DESIGN,80.82
ST00143,Joseph,Gonzalez,5248295982,Female,DESIGN,99.0
ST00144,Emma,Sanders,8624816640,Male,DESIGN,83.76
ST00145,Liam,Young,6770203581,Male,BUSINESS,98.04
ST00146,Scarlett,Stewart,1341278609,Female,BUSINESS,71.71
ST00147,Grace,Baker,6663699929,Female,IT,84.75
ST00148,Abigail,Hall,3715519706,Female,IT,78.56
ST00149,Christopher,Allen,8290560242,Male,IT,83.36
ST00150,Christopher,Cooper,5968355032,Female,IT,95.0
ST00151,Chloe,Wright,3164949524,Male,IT,73.57
ST00152,David,Williams,8821983747,Female,IT,74.32
ST00153,Amelia,Edwards,2697620612,Male,BUSINESS,98.29
ST00154,Harper,King,8492394803,Male,BUSINESS,86.54
ST00155,Victoria,Perez,7806432793,Female,DESIGN,82.55
ST00156,Daniel,Murphy,4422335421,Male,IT,77.87
ST00157,Matthew,Nelson,9230300571,Female,BUSINESS,94.8
ST00158,Chloe,Walker,2671919085,Female,BUSINESS,87.42
ST00159,Jonathan,Cook,5224073072,Female,DESIGN,80.74
ST00160,Liam,Brown,0414798318,Female,DESIGN,92.21
ST00161,Sophia,Campbell,9597488445,Male,DESIGN,72.36
ST00162,Olivia,Smith,8678887604,Female,DESIGN,84.58
ST00163,Avery,Morris,5750491972,Male,DESIGN,70.53
ST00164,Scarlett,Parker,8796002588,Female,DESIGN,83.46
ST00165,Mila,Brown,5479905008,Male,IT,86.81
ST00166,Grace,Bell,6457577837,Female,DESIGN,89.65
ST00167,Mila,Allen,1704533595,Female,DESIGN,89.13
ST00168,Oliver,Smith,4524069079,Female,BUSINESS,80.7
ST00169,John,Allen,3493814560,Male,DESIGN,91.76
ST00170,Sophia,Taylor,2499497780,Female,DESIGN,81.72
ST00171,Noah,Murphy,2095804158,Female,DESIGN,98.64
ST00172,Sophia,Sanchez,4446679334,Male,DESIGN,73.83
ST00173,Avery,Morris,7815080188,Male,IT,94.45
ST00174,Benjamin,Scott,7880896362,Male,DESIGN,81.81
ST00175,Lily,Gonzalez,2704203742,Male,BUSINESS,72.99
ST00176,Chloe,King,6807227946,Female,BUSINESS,72.67
ST00177,John,Rivera,1871995640,Male,DESIGN,88.74
ST00178,Isabella,Sanders,9715291330,Male,BUSINESS,97.94
ST00179,Jackson,Clark,8645737632,Female,IT,84.52
ST00180,Ryan,Miller,7774970786,Female,DESIGN,70.43
ST00181,Camila,Scott,7215691558,Female,BUSINESS,92.68
ST00182,Madison,Edwards,8553779980,Male,BUSINESS,95.5
ST00183,Ryan,Brown,1619949381,Female,BUSINESS,87.07
ST00184,Mila,Roberts,9150385850,Male,IT,85.86
ST00185,Madison,Edwards,8933137146,Female,IT,85.33
ST00186,Emily,Turner,7148669895,Male,DESIGN,89.58
ST00187,Noah,Cooper,6627791950,Female,DESIGN,97.9
ST00188,Noah,Clark,1226944899,Male,DESIGN,80.95
ST00189,Benjamin,Taylor,1643156705,Female,BUSINESS,95.32
ST00190,Daniel,Walker,4840415085,Female,DESIGN,95.77
ST00191,Sophia,Baker,3855729814,Male,IT,82.7
ST00192,Lucas,Price,4903289551,Female,IT,76.01
ST00193,Olivia,Cook,6397967556,Female,DESIGN,81.53
ST00194,Harper,Bailey,3286860023,Female,DESIGN,82.5
ST00195,Penelope,Green,4247695131,Female,DESIGN,76.33
ST00196,Luna,Reed,8171576240,Male,BUSINESS,96.57
ST00197,Scarlett,Scott,6385652190,Female,DESIGN,90.27
ST00198,Christopher,Rivera,4419133551,Female,BUSINESS,95.59
ST00199,Isabella,Murphy,3509278973,Female,BUSINESS,91.82
ST00200,Harper,Richardson,5822729490,Female,DESIGN,76.59
ST00201,Madison,Rivera,5470277240,Male,IT,89.22
ST00202,Olivia,Price,7541782572,Male,IT,85.54
ST00203,Charlotte,Lewis,2299426012,Female,BUSINESS,83.7
ST00204,Jonathan,Adams,0612683154,Male,IT,73.07
ST00205,Jackson,Gonzalez,7872697253,Male,BUSINESS,94.44
ST00206,David,Bell,9411381509,Female,IT,82.66
ST00207,Emily,Walker,2643286189,Male,DESIGN,92.18
ST00208,Lily,Scott,7258244658,Female,BUSINESS,80.81
ST00209,Evelyn,Morris,5898107510,Female,IT,83.13
ST00210,Elizabeth,Rogers,8236173502,Female,BUSINESS,86.45
ST00211,Mila,Brown,1288231614,Female,DESIGN,97.23
ST00212,Eleanor,Howard,4099506729,Female,DESIGN,87.45
ST00213,Harper,Edwards,2644004360,Female,IT,94.93
ST00214,Amelia,Cox,6775550795,Female,IT,92.78
ST00215,Luna,Adams,6122329024,Female,IT,80.84
ST00216,Sofia,Collins,6813084824,Female,BUSINESS,77.28
ST00217,Amelia,Phillips,5692476038,Male,BUSINESS,84.98
ST00218,Abigail,Roberts,5255254426,Female,BUSINESS,72.28
ST00219,Madison,Williams,7078774994,Female,DESIGN,91.87
ST00220,Grace,Wilson,9067640035,Female,DESIGN,72.83
ST00221,Elijah,Wright,3816415676,Female,IT,96.55
ST00222,Camila,Brown,9468045820,Male,IT,80.65
ST00223,John,Wilson,8041561603,Male,IT,90.54
ST00224,Ella,Smith,6334596794,Female,IT,89.33
ST00225,Elizabeth,Phillips,2128647459,Female,IT,86.45
ST00226,Elizabeth,Collins,8940259261,Male,IT,75.85
ST00227,Harper,Johnson,5953712853,Female,BUSINESS,78.95
ST00228,Lily,Wilson,7041954666,Female,DESIGN,92.8
ST00229,Lily,Hall,7847551586,Female,BUSINESS,99.02
ST00230,Jonathan,Johnson,8583824511,Female,DESIGN,88.23
ST00231,Daniel,Perez,8549150332,Female,DESIGN,83.43
ST00232,Noah,Evans,3806839121,Female,DESIGN,73.07
ST00233,Camila,Richardson,4292980554,Female,DESIGN,92.73
ST00234,Elijah,Adams,3515202688,Male,IT,76.96
ST00235,Lily,Brown,7807627385,Male,IT,77.62
ST00236,Lucas,Allen,6188494296,Male,IT,78.72
ST00237,Alexander,King,1909722790,Male,IT,80.6
ST00238,James,Parker,9570477992,Female,IT,92.55
ST00239,Lucas,Allen,7279885155,Female,BUSINESS,96.57
ST00240,Ava,Clark,9050299143,Female,BUSINESS,97.12
ST00241,Aiden,Taylor,7004349808,Male,IT,84.32
ST00242,David,Johnson,5419637328,Male,BUSINESS,98.86
ST00243,Camila,Hall,8261719002,Female,DESIGN,82.73
ST00244,Ryan,Allen,9724852746,Female,DESIGN,94.84
ST00245,Emma,Sanders,7680174453,Female,BUSINESS,75.44
ST00246,William,Clark,3871795177,Female,BUSINESS,92.15
ST00247,Mia,Turner,9560607413,Female,BUSINESS,79.81
ST00248,Mila,Jones,4624856901,Male,IT,71.32
ST00249,Chloe,Edwards,1836332382,Male,IT,84.2
ST00250,Noah,Taylor,8334330804,Male,DESIGN,89.57
ST00251,Grace,Taylor,8185424535,Male,IT,74.79
ST00252,Scarlett,Brown,5549966506,Female,DESIGN,92.75
ST00253,Sofia,Jones,4301529300,Male,IT,96.0
ST00254,Scarlett,Green,4439626658,Female,BUSINESS,85.49
ST00255,Jonathan,Cox,9152941681,Female,BUSINESS,90.14
ST00256,Ava,Allen,1399961743,Male,DESIGN,79.35
ST00257,Matthew,Carter,8604516177,Female,DESIGN,87.71
ST00258,Jackson,Lewis,5373671519,Male,IT,90.25
ST00259,Amelia,Wilson,1527212787,Male,DESIGN,80.74
ST00260,Carter,Miller,8267204126,Male,DESIGN,81.85
ST00261,Noah,Cook,0195921201,Female,DESIGN,99.8
ST00262,Scarlett,Perez,2231629172,Male,DESIGN,86.4
ST00263,Jonathan,Gonzalez,4057581406,Male,BUSINESS,85.29
ST00264,Alexander,Wilson,5282847012,Female,BUSINESS,90.54
ST00265,Eleanor,Adams,5884737848,Female,IT,90.71
ST00266,Olivia,Walker,3048000643,Male,BUSINESS,99.79
ST00267,Joseph,Green,3192378005,Female,BUSINESS,96.6
ST00268,Penelope,Ward,5107981092,Male,IT,81.64
ST00269,Ava,Ward,6135541370,Female,IT,78.44
ST00270,Scarlett,Phillips,6894127122,Male,DESIGN,73.64
ST00271,Abigail,Lewis,9235865840,Female,BUSINESS,96.83
ST00272,Abigail,Price,2362443193,Female,DESIGN,97.1
ST00273,Avery,Campbell,9107978193,Female,DESIGN,81.72
ST00274,David,Evans,3626409148,Male,BUSINESS,81.2
ST00275,Christopher,Bailey,6185496978,Female,IT,89.07
ST00276,Elizabeth,Adams,1126798533,Female,IT,93.08
ST00277,Christopher,Lewis,9672526864,Female,DESIGN,77.21
ST00278,Noah,Phillips,0399597555,Female,DESIGN,72.72
ST00279,Lily,Mitchell,4307591271,Female,DESIGN,98.54
ST00280,Christopher,King,9604751045,Male,BUSINESS,98.25
ST00281,Penelope,Sanders,3748512892,Female,BUSINESS,88.09
ST00282,Jackson,Cox,6106645917,Female,DESIGN,76.18
ST00283,Oliver,Roberts,5109204556,Male,DESIGN,79.59
ST00284,Mila,Davis,5717820341,Male,BUSINESS,95.64
ST00285,Ava,Bell,2896979526,Female,BUSINESS,75.88
ST00286,Emily,Bailey,2031255905,Female,IT,87.54
ST00287,Liam,Turner,7580924371,Female,BUSINESS,77.44
ST00288,Carter,Morris,6295042015,Female,IT,90.37
ST00289,Ryan,Sanchez,4119231538,Male,BUSINESS,90.28
ST00290,Lily,Walker,7743964589,Female,BUSINESS,90.53
ST00291,Penelope,Smith,6713929145,Male,BUSINESS,94.28
ST00292,Jonathan,Nelson,3092278114,Female,BUSINESS,82.58
ST00293,Scarlett,Cox,6091772955,Male,IT,88.65
ST00294,Michael,Wilson,6920490461,Male,IT,89.67
ST00295,Ava,Bailey,7749692120,Female,BUSINESS,80.23
ST00296,Elizabeth,Turner,2270776954,Female,BUSINESS,75.2
ST00297,Sebastian,Stewart,9437646792,Female,BUSINESS,92.34
ST00298,Noah,Bell,4028694775,Male,IT,94.02
ST00299,William,Edwards,8878122160,Male,IT,85.15
ST00300,Chloe,Sanchez,5100213865,Female,BUSINESS,85.31
ST00301,Madison,Evans,0141462764,Male,IT,87.01
ST00302,Daniel,King,1608447765,Female,IT,92.43
ST00303,Elijah,King,1288673274,Female,DESIGN,88.7
ST00304,Elijah,Lewis,4724146344,Female,DESIGN,95.92
ST00305,Matthew,Rogers,4018283752,Male,DESIGN,95.67
ST00306,Mia,Miller,2996329311,Male,DESIGN,96.29
ST00307,Charlotte,Rivera,0151456356,Female,IT,84.84
ST00308,Lily,Young,9024235047,Male,IT,91.37
ST00309,Charlotte,Wright,8205655028,Male,BUSINESS,72.35
ST00310,Sofia,Murphy,1214182947,Female,DESIGN,77.53
ST00311,Scarlett,Lewis,6635509714,Female,BUSINESS,77.19
ST00312,Amelia,Stewart,0102954328,Male,BUSINESS,84.19
ST00313,Oliver,Adams,5850900817,Male,DESIGN,76.13
ST00314,Harper,Mitchell,1120386083,Female,IT,96.2
ST00315,Henry,Turner,6899114267,Male,IT,73.75
ST00316,Penelope,Davis,8301056071,Male,IT,77.64
ST00317,Madison,Hall,7919334965,Male,IT,72.04
ST00318,Evelyn,Cox,7608439383,Male,IT,98.73
ST00319,Avery,Lewis,9121389598,Female,DESIGN,97.13
ST00320,Ryan,Carter,7692084184,Female,IT,71.69
ST00321,Carter,Williams,3271650097,Male,BUSINESS,88.51
ST00322,James,Adams,4721938563,Male,DESIGN,73.01
ST00323,Sophia,Davis,2732067963,Female,BUSINESS,90.66
ST00324,Sophia,Edwards,6408336788,Male,BUSINESS,98.63
ST00325,Carter,Howard,8373282255,Male,BUSINESS,70.53
ST00326,Joseph,Davis,9211625978,Female,IT,71.18
ST00327,Benjamin,Rivera,6311192290,Female,BUSINESS,79.3
ST00328,Oliver,Turner,6421558297,Male,IT,73.94
ST00329,Jackson,Taylor,0405544354,Male,IT,90.93
ST00330,Lucas,Walker,5331304764,Male,DESIGN,88.99
ST00331,Elizabeth,Miller,2030187569,Female,DESIGN,80.58
ST00332,Eleanor,Wilson,5686242214,Female,IT,76.41
ST00333,James,Davis,7443194937,Female,DESIGN,85.24
ST00334,Avery,Gonzalez,2267936980,Female,DESIGN,82.67
ST00335,Benjamin,Jones,9581917266,Male,IT,75.47
ST00336,Elijah,Jones,2323666309,Female,IT,91.77
ST00337,Carter,Murphy,4582600594,Female,DESIGN,97.16
ST00338,Victoria,Williams,4566816888,Female,IT,73.44
ST00339,Luna,Adams,5780257663,Female,BUSINESS,93.93
ST00340,Henry,Hall,8292199073,Male,IT,71.57
ST00341,Madison,Cook,6298148383,Male,DESIGN,87.51
ST00342,Ryan,Sanders,0176749280,Female,IT,86.13
ST00343,Penelope,Turner,7265670764,Female,BUSINESS,70.42
ST00344,Ava,Wright,6400754843,Male,DESIGN,84.19
ST00345,Noah,Rivera,7255292835,Male,IT,74.22
ST00346,Luna,Rogers,8108808307,Female,IT,96.35
ST00347,Mila,Rivera,6596402977,Male,BUSINESS,70.94
ST00348,Luna,Gonzalez,8938474575,Male,BUSINESS,97.35
ST00349,Michael,Cox,2336198361,Female,BUSINESS,71.42
ST00350,Ava,Johnson,4485345242,Male,DESIGN,83.05
ST00351,Liam,Miller,7070197335,Female,BUSINESS,71.73
ST00352,Mila,Young,4083776806,Male,IT,79.03
ST00353,Ella,Ward,8614004277,Female,IT,73.51
ST00354,Jonathan,King,6787925909,Female,IT,95.21
ST00355,Daniel,Williams,7487758204,Female,BUSINESS,84.1
ST00356,Isabella,Morris,3492523479,Male,IT,97.1
ST00357,Liam,Brown,8987140973,Male,BUSINESS,89.58
ST00358,Henry,Lewis,1375034725,Female,IT,91.36
ST00359,Emily,Adams,3862308523,Female,BUSINESS,84.2
ST00360,John,Stewart,3097178230,Male,BUSINESS,94.9
ST00361,Avery,Evans,6297848509,Female,BUSINESS,77.31
ST00362,Daniel,Stewart,4067168124,Female,BUSINESS,77.55
ST00363,Scarlett,Stewart,8154207452,Male,BUSINESS,97.68
ST00364,Amelia,Sanders,5476506547,Female,IT,94.38
ST00365,Elijah,Jones,7005885693,Female,DESIGN,75.15
ST00366,Daniel,Williams,6197600512,Female,IT,73.84
ST00367,Abigail,Howard,8599900122,Female,IT,99.37
ST00368,Avery,Johnson,7426670279,Female,DESIGN,77.53
ST00369,Isabella,King,6811110108,Female,DESIGN,97.76
ST00370,Lucas,Smith,3607471547,Female,IT,87.72
ST00371,John,Rogers,2127761794,Female,DESIGN,72.97
ST00372,Henry,Clark,8946044995,Female,DESIGN,82.66
ST00373,Ryan,Rogers,0876944738,Male,IT,88.33
ST00374,Grace,Baker,7402711009,Female,DESIGN,76.92
ST00375,Benjamin,Green,5554043704,Male,DESIGN,93.28
ST00376,Amelia,Nelson,9025975792,Female,DESIGN,91.98
ST00377,Mila,Mitchell,3247248789,Female,BUSINESS,74.56
ST00378,Victoria,Price,4362817442,Male,IT,93.33
ST00379,Lily,Parker,7171469569,Female,IT,76.91
ST00380,Carter,Wright,9556335766,Male,IT,71.91
ST00381,Camila,Perez,9161987923,Male,IT,99.99
ST00382,Elijah,Sanchez,3539009312,Male,DESIGN,98.36
ST00383,Michael,Clark,3677540371,Female,IT,81.1
ST00384,Oliver,Miller,8862641906,Female,DESIGN,72.83
ST00385,Daniel,Howard,0464141515,Female,DESIGN,83.6
ST00386,Madison,Clark,3405800893,Female,DESIGN,91.81
ST00387,Camila,Scott,3985436468,Male,BUSINESS,77.59
ST00388,Eleanor,Campbell,8633535062,Female,BUSINESS,84.21
ST00389,Ella,Evans,9378958218,Male,IT,85.56
ST00390,Camila,Smith,3012734000,Male,BUSINESS,85.03
ST00391,Charlotte,Evans,8739877833,Female,IT,72.61
ST00392,Emily,Davis,3393670547,Female,DESIGN,92.66
ST00393,Victoria,Green,6272094807,Female,IT,73.9
ST00394,Harper,Rivera,8162891210,Male,BUSINESS,75.35
ST00395,Jackson,Rivera,5278927298,Female,IT,73.41
ST00396,Ella,Clark,8292396748,Female,IT,95.91
ST00397,Alexander,Baker,4553220885,Female,DESIGN,95.36
ST00398,Lily,Bell,5651078489,Female,BUSINESS,71.0
ST00399,Penelope,King,2094820424,Female,DESIGN,70.35
ST00400,Camila,Jones,4596207523,Female,IT,71.38
ST00401,Madison,Cooper,6163830861,Female,BUSINESS,70.54
ST00402,Jonathan,Parker,4741138588,Male,DESIGN,83.94
ST00403,Camila,Smith,7607000812,Male,BUSINESS,90.34
ST00404,Evelyn,Reed,4568941604,Male,BUSINESS,89.78
ST00405,Isabella,Phillips,8230080162,Male,DESIGN,71.36
ST00406,Mia,Williams,8843992800,Male,BUSINESS,75.57
ST00407,Victoria,Parker,8169353178,Female,BUSINESS,76.41
ST00408,Penelope,Richardson,1466261048,Male,BUSINESS,74.31
ST00409,David,Lewis,7151476263,Male,IT,94.86
ST00410,Mia,Taylor,2011779881,Male,DESIGN,94.48
ST00411,Lily,Stewart,1506025964,Female,BUSINESS,82.12
ST00412,Daniel,Bailey,1411585325,Male,IT,96.37
ST00413,Oliver,King,1022044057,Female,DESIGN,73.47
ST00414,John,Perez,4253885472,Male,BUSINESS,93.6
ST00415,Ryan,Nelson,9586288298,Male,DESIGN,86.6
ST00416,Mila,Howard,9776770915,Female,BUSINESS,79.52
ST00417,Sofia,Young,0145124821,Male,DESIGN,81.58
ST00418,Amelia,Carter,6425086541,Female,DESIGN,93.49
ST00419,Ella,Wright,8407461774,Female,BUSINESS,74.21
ST00420,David,Wilson,9486171145,Female,IT,78.1
ST00421,Matthew,Collins,9066947313,Female,DESIGN,80.73
ST00422,Eleanor,Bailey,7617177181,Female,BUSINESS,71.39
ST00423,Oliver,Ward,7076790900,Female,DESIGN,90.45
ST00424,Luna,Nelson,2900902288,Male,IT,80.98
ST00425,Ella,Bell,8907180458,Male,DESIGN,71.54
ST00426,Camila,Edwards,7450238203,Male,DESIGN,97.5
ST00427,Liam,Wilson,6997137735,Female,BUSINESS,87.03
ST00428,Lucas,Mitchell,6299218152,Male,BUSINESS,90.33
ST00429,Scarlett,Parker,5881016927,Female,IT,88.96
ST00430,Avery,Stewart,8885002295,Female,DESIGN,88.79
ST00431,Liam,Phillips,4129181228,Male,DESIGN,71.07
ST00432,Liam,Baker,7012001235,Male,IT,94.18
ST00433,Scarlett,Richardson,9597417530,Female,DESIGN,71.05
ST00434,Carter,Wright,2856535542,Female,IT,88.0
ST00435,Jonathan,Cooper,6363466291,Female,BUSINESS,71.09
ST00436,Sophia,Williams,8085538750,Male,BUSINESS,91.77
ST00437,Jonathan,Cooper,9290309083,Female,BUSINESS,88.44
ST00438,Evelyn,Walker,9552090453,Female,IT,84.04
ST00439,Liam,Collins,9537022651,Male,DESIGN,72.26
ST00440,Olivia,Green,5976165987,Male,BUSINESS,86.66
ST00441,Henry,Mitchell,9865820944,Female,BUSINESS,88.02
ST00442,Abigail,King,2544144349,Male,IT,80.7
ST00443,Matthew,Cook,1968667165,Female,BUSINESS,88.41
ST00444,Lily,Sanders,8876712278,Female,BUSINESS,96.12
ST00445,Scarlett,Cook,2802513047,Female,DESIGN,74.2
ST00446,Noah,Cooper,2998842658,Female,DESIGN,91.93
ST00447,Eleanor,Wright,7984663994,Female,BUSINESS,71.49
ST00448,Lily,Scott,9169696070,Male,BUSINESS,99.26
ST00449,Oliver,Rogers,6091851844,Male,IT,91.97
ST00450,Olivia,Howard,4286263150,Male,IT,84.76
ST00451,Avery,Bell,6176342625,Female,BUSINESS,73.88
ST00452,Sebastian,Jones,4887094553,Female,IT,99.05
ST00453,Sophia,Clark,7195367773,Female,BUSINESS,75.86
ST00454,David,Clark,5858312625,Female,DESIGN,92.01
ST00455,Jackson,Green,3274015748,Female,BUSINESS,80.97
ST00456,Isabella,Ward,8640534778,Male,BUSINESS,98.99
ST00457,Sebastian,Brown,7415814413,Female,DESIGN,90.35
ST00458,Benjamin,Richardson,8325996029,Female,IT,90.14
ST00459,Harper,Cooper,4905517425,Female,DESIGN,80.67
ST00460,Victoria,Stewart,0197864206,Male,BUSINESS,75.16
ST00461,Victoria,Williams,5301142173,Female,DESIGN,85.47
ST00462,Camila,Young,7352256592,Female,BUSINESS,99.77
ST00463,Luna,Mitchell,6753246548,Male,IT,90.38
ST00464,Benjamin,Cox,8685047615,Male,BUSINESS,79.86
ST00465,Eleanor,Campbell,3790403904,Female,DESIGN,93.37
ST00466,Lucas,Campbell,4842599782,Female,DESIGN,98.07
ST00467,Christopher,Adams,8699547125,Female,IT,78.69
ST00468,Oliver,Reed,5996629579,Male,DESIGN,95.91
ST00469,Chloe,King,3360369480,Male,DESIGN,93.47
ST00470,Jonathan,Taylor,5265407285,Male,BUSINESS,85.7
ST00471,Elizabeth,Hall,6774039795,Female,BUSINESS,97.94
ST00472,Aiden,Miller,0462768070,Male,BUSINESS,85.2
ST00473,Aiden,Morris,5871240752,Female,DESIGN,95.09
ST00474,Ryan,Wilson,7417981670,Male,DESIGN,88.43
ST00475,Daniel,Price,3454433833,Male,IT,91.28
ST00476,Chloe,Scott,2243070559,Female,DESIGN,90.41
ST00477,Sofia,Perez,6072369527,Female,DESIGN,96.5
ST00478,Elizabeth,Johnson,4886177508,Female,IT,92.3
ST00479,Emma,Davis,3436551544,Male,BUSINESS,92.48
ST00480,Liam,Mitchell,2024281131,Male,IT,92.22
ST00481,Lily,Adams,6584182842,Male,DESIGN,75.82
ST00482,Elijah,Reed,6823631242,Male,BUSINESS,82.14
ST00483,Grace,Davis,2685089891,Female,IT,91.65
ST00484,Emily,Walker,5683296816,Female,IT,86.14
ST00485,Elizabeth,Wright,1166674757,Female,BUSINESS,92.54
ST00486,Benjamin,Morgan,7910507664,Female,IT,81.18
ST00487,Avery,Young,5836391023,Female,BUSINESS,79.86
ST00488,Aiden,Stewart,1519430979,Female,BUSINESS,71.77
ST00489,Ava,Gonzalez,4778846548,Female,IT,79.55
ST00490,Amelia,Lewis,6555470577,Male,IT,84.67
ST00491,Sophia,Perez,7655609581,Female,BUSINESS,70.55
ST00492,Matthew,Davis,1288333215,Female,DESIGN,85.54
ST00493,Elijah,King,9850406187,Female,IT,97.37
ST00494,Lily,Adams,6128379599,Female,IT,78.97
ST00495,John,Brown,4044266661,Male,BUSINESS,73.67
ST00496,Aiden,Gonzalez,7597292474,Male,BUSINESS,79.05
ST00497,Avery,Phillips,6292970917,Female,BUSINESS,90.69
ST00498,Matthew,Murphy,8806055374,Female,BUSINESS,78.1
ST00499,Alexander,Lewis,2777988153,Female,BUSINESS,86.83
ST00500,Elijah,Ward,9714987860,Female,BUSINESS,71.48
ST00501,Joseph,Edwards,8415061373,Male,DESIGN,93.43
ST00502,Sofia,Davis,9132810531,Male,BUSINESS,84.6
ST00503,Michael,Jones,8520244312,Male,BUSINESS,87.86
ST00504,Abigail,Turner,5173213472,Male,IT,97.04
ST00505,Liam,Bailey,8761776326,Female,BUSINESS,74.98
ST00506,Matthew,Lewis,8622824749,Female,DESIGN,83.31
ST00507,Joseph,Howard,5997900502,Male,BUSINESS,92.21
ST00508,Oliver,Williams,8046307881,Female,IT,76.47
ST00509,Ava,Hall,9251226047,Male,BUSINESS,81.29
ST00510,Michael,Carter,8660339560,Female,BUSINESS,79.9
ST00511,William,Davis,9020396412,Female,DESIGN,91.92
ST00512,Avery,Cox,6348600299,Female,IT,70.73
ST00513,Ryan,Green,5119912929,Male,BUSINESS,83.63
ST00514,Elizabeth,Sanders,8610284379,Male,BUSINESS,84.19
ST00515,John,Clark,2778086003,Male,BUSINESS,80.03
ST00516,Abigail,Smith,7793171223,Male,DESIGN,99.74
ST00517,Emily,Wilson,8897166971,Female,DESIGN,75.35
ST00518,Evelyn,Roberts,7426568918,Male,BUSINESS,78.42
ST00519,Amelia,Roberts,3481648333,Male,DESIGN,89.89
ST00520,Ava,Taylor,7370775666,Female,BUSINESS,82.44
ST00521,Ryan,Gonzalez,9246808053,Female,DESIGN,71.99
ST00522,Charlotte,Morgan,3806208272,Female,IT,94.44
ST00523,Isabella,Allen,5685503178,Female,BUSINESS,98.65
ST00524,Jonathan,Parker,0131855676,Female,BUSINESS,97.18
ST00525,Carter,Rogers,8937248520,Female,BUSINESS,95.84
ST00526,Evelyn,King,3275658233,Male,BUSINESS,99.48
ST00527,Benjamin,Bailey,4798155991,Female,BUSINESS,81.35
ST00528,Lucas,Clark,8553355349,Male,BUSINESS,84.45
ST00529,Madison,Cooper,3490385292,Male,IT,92.44
ST00530,Evelyn,Reed,0917346331,Male,BUSINESS,96.74
ST00531,James,Hall,7419113622,Male,BUSINESS,76.94
ST00532,Ryan,Murphy,5464499765,Female,BUSINESS,94.78
ST00533,Ryan,Adams,6073875359,Female,IT,96.38
ST00534,Joseph,Adams,8900460044,Female,DESIGN,78.79
ST00535,John,Williams,2351804070,Female,BUSINESS,85.1
ST00536,Luna,Rivera,5402422678,Male,DESIGN,75.67
ST00537,James,Smith,7191404053,Female,IT,89.2
ST00538,Abigail,Wright,2733563208,Male,DESIGN,88.51
ST00539,Charlotte,Bell,7780387393,Female,DESIGN,92.55
ST00540,Emma,Murphy,1172125536,Female,IT,80.25
ST00541,Penelope,Price,6406488632,Female,IT,80.52
ST00542,Camila,Stewart,2634754473,Female,BUSINESS,92.39
ST00543,James,Wright,3202315603,Male,DESIGN,79.89
ST00544,Harper,Sanders,4199199757,Male,BUSINESS,72.62
ST00545,Mia,Evans,6402522673,Male,DESIGN,78.84
ST00546,Isabella,Ward,8509822813,Male,IT,87.62
ST00547,Harper,Taylor,8196425345,Male,DESIGN,71.23
ST00548,Luna,Scott,8777139934,Female,IT,79.89
ST00549,Elijah,Edwards,4481057789,Male,IT,95.46
ST00550,Michael,Perez,8600050920,Female,IT,89.48
ST00551,Elizabeth,Smith,5852976468,Female,IT,70.94
ST00552,Scarlett,King,8201797202,Female,BUSINESS,74.22
ST00553,Oliver,Cooper,8522138196,Female,IT,78.46
ST00554,Benjamin,Sanders,9764651882,Male,DESIGN,83.14
ST00555,Daniel,Williams,6614758228,Male,BUSINESS,70.09
ST00556,Elijah,Johnson,2551907970,Male,DESIGN,92.52
ST00557,Daniel,Sanchez,1556956831,Male,BUSINESS,93.09
ST00558,Camila,Williams,8671319290,Male,IT,83.19
ST00559,William,Carter,2556275507,Female,BUSINESS,82.06
ST00560,Madison,Rivera,7036110549,Female,DESIGN,87.0
ST00561,Noah,Miller,7160443789,Male,IT,84.78
ST00562,Olivia,Wilson,3420137579,Male,DESIGN,99.17
ST00563,Aiden,Nelson,6609348012,Male,DESIGN,73.3
ST00564,Noah,Perez,7478526992,Female,DESIGN,74.49
ST00565,Alexander,Edwards,2867615355,Male,BUSINESS,92.98
ST00566,Chloe,Rogers,2215421387,Male,IT,81.0
ST00567,Ryan,Nelson,3690003550,Female,DESIGN,85.29
ST00568,Evelyn,Cook,1862507922,Male,BUSINESS,75.17
ST00569,Ryan,Sanchez,8273816327,Female,IT,75.64
ST00570,Avery,Wright,6022125847,Female,DESIGN,90.0
ST00571,David,Taylor,5981609014,Female,DESIGN,96.36
ST00572,Harper,Williams,4141199398,Female,BUSINESS,73.4
ST00573,Penelope,Rivera,3465117118,Male,DESIGN,83.05
ST00574,Oliver,Miller,6518020246,Female,IT,94.25
ST00575,Eleanor,Hall,2254601669,Male,DESIGN,72.73
ST00576,Olivia,Wilson,4952666167,Female,BUSINESS,90.28
ST00577,Mia,Wilson,6099588151,Male,BUSINESS,74.35
ST00578,Benjamin,Bell,9571124978,Male,DESIGN,72.78
ST00579,Henry,Lewis,9490871161,Female,IT,99.54
ST00580,Abigail,Bell,9082998282,Female,DESIGN,84.99
ST00581,Sophia,Price,8460259719,Female,BUSINESS,95.16
ST00582,Eleanor,Jones,6053039503,Female,DESIGN,74.55
ST00583,Liam,Parker,6154893775,Female,BUSINESS,99.32
ST00584,Grace,Sanders,5444143182,Male,DESIGN,77.49
ST00585,John,Ward,8576451063,Female,IT,99.36
ST00586,David,Parker,4971857168,Female,IT,82.96
ST00587,Ryan,Gonzalez,7853175249,Female,BUSINESS,71.14
ST00588,Elijah,Murphy,9056427145,Female,DESIGN,82.38
ST00589,Liam,Murphy,1249604297,Male,DESIGN,91.01
ST00590,Daniel,Cox,2141828242,Female,IT,74.16
ST00591,Benjamin,Reed,0548274328,Female,IT,92.35
ST00592,Lucas,Williams,4956241884,Male,BUSINESS,98.07
ST00593,Eleanor,Ward,1783280977,Female,IT,74.1
ST00594,Lily,Lewis,7136358193,Male,BUSINESS,86.9
ST00595,Luna,Cook,6723818119,Female,IT,98.46
ST00596,Emma,Clark,7181794044,Female,IT,71.44
ST00597,Noah,King,7453805705,Male,BUSINESS,93.95
ST00598,Chloe,Cox,9793911616,Male,BUSINESS,78.16
ST00599,Ella,Rogers,5014617899,Female,BUSINESS,92.99
ST00600,Carter,Bailey,4682548112,Female,DESIGN,80.03
ST00601,Emily,Williams,6969257740,Female,DESIGN,82.92
ST00602,Avery,Sanchez,5603368731,Female,DESIGN,71.48
ST00603,Jackson,King,4662903986,Male,DESIGN,78.99
ST00604,Eleanor,Allen,4433298091,Male,IT,84.98
ST00605,Abigail,Murphy,5352321353,Female,IT,70.57
ST00606,William,Phillips,7678903838,Female,DESIGN,98.88
ST00607,Madison,Brown,8688569925,Male,DESIGN,73.21
ST00608,Joseph,Scott,7813704370,Female,BUSINESS,96.5
ST00609,Aiden,Bailey,9493787741,Female,DESIGN,95.08
ST00610,Elizabeth,Bailey,2805209680,Male,BUSINESS,87.03
ST00611,Christopher,Edwards,6062785209,Male,BUSINESS,74.19
ST00612,Ava,Campbell,8419001171,Male,BUSINESS,77.59
ST00613,Matthew,Adams,5832877170,Female,DESIGN,97.61
ST00614,Oliver,Turner,6939058983,Male,IT,81.07
ST00615,Olivia,Clark,9166173772,Female,IT,95.32
ST00616,Alexander,Richardson,5234988953,Male,BUSINESS,92.52
ST00617,Camila,Cooper,1458892919,Male,IT,96.07
ST00618,Matthew,Clark,2272266181,Male,DESIGN,87.98
ST00619,Sebastian,Gonzalez,7027729095,Male,IT,90.34
ST00620,Penelope,Miller,3353890962,Female,IT,83.06
ST00621,Chloe,Price,7828215107,Male,IT,85.51
ST00622,Daniel,Mitchell,6431625146,Female,DESIGN,97.13
ST00623,Abigail,Roberts,7516123092,Male,IT,75.53
ST00624,Charlotte,Wilson,4244628179,Male,IT,84.69
ST00625,Mila,Mitchell,7601871098,Female,DESIGN,99.21
ST00626,Evelyn,Evans,8372446231,Male,IT,71.24
ST00627,Jonathan,Lewis,7063159976,Female,DESIGN,90.41
ST00628,Sebastian,Lewis,4730249519,Female,IT,78.82
ST00629,Elizabeth,Parker,7359419400,Female,DESIGN,94.56
ST00630,John,Adams,6433922685,Male,BUSINESS,73.81
ST00631,Christopher,Perez,3074265068,Female,IT,80.82
ST00632,Luna,Morris,3170128199,Male,IT,84.95
ST00633,William,Cook,3627234972,Male,IT,75.4
ST00634,Ella,Clark,1177634952,Male,IT,81.48
ST00635,Alexander,Lewis,1162678869,Male,BUSINESS,77.74
ST00636,Abigail,Phillips,2957713020,Female,DESIGN,95.32
ST00637,Harper,Miller,5967602750,Male,DESIGN,70.47
ST00638,Eleanor,Brown,4988219645,Male,BUSINESS,70.0
ST00639,Abigail,Morris,8450603760,Female,DESIGN,76.53
ST00640,Sophia,Cook,8820762600,Male,IT,78.0
ST00641,Henry,Edwards,5323674853,Male,BUSINESS,96.55
ST00642,Camila,Brown,2224529074,Female,IT,79.38
ST00643,Emily,Scott,1348800381,Male,IT,93.87
ST00644,Olivia,Williams,9625739652,Female,BUSINESS,89.82
ST00645,Harper,Parker,3417567904,Male,DESIGN,91.29
ST00646,Benjamin,Evans,6396777573,Female,BUSINESS,90.7
ST00647,Sebastian,Adams,9571947053,Male,IT,87.63
ST00648,Mila,Davis,2649755679,Male,DESIGN,99.19
ST00649,Lucas,Evans,9093855283,Male,DESIGN,70.2
ST00650,Ava,Adams,7177543670,Female,BUSINESS,78.79
ST00651,Oliver,Cooper,1209324891,Female,BUSINESS,96.64
ST00652,Ava,Turner,7753618403,Male,BUSINESS,71.14
ST00653,Ella,Howard,3976483342,Male,BUSINESS,87.94
ST00654,Olivia,Howard,7391935556,Male,BUSINESS,75.86
ST00655,Ava,Cox,9273046877,Female,IT,75.61
ST00656,Grace,Richardson,6346227901,Male,DESIGN,81.25
ST00657,Camila,Cook,6551834114,Female,IT,88.62
ST00658,Sebastian,Roberts,1787737125,Female,BUSINESS,82.54
ST00659,Liam,Hall,2936127588,Male,IT,85.57
ST00660,William,Campbell,2679399547,Female,IT,73.42
ST00661,Penelope,Adams,2914079107,Female,BUSINESS,94.16
ST00662,Ava,Brown,5980317892,Male,BUSINESS,76.25
ST00663,Avery,Edwards,0720452463,Female,IT,79.51
ST00664,Camila,Wilson,2720513195,Female,BUSINESS,94.86
ST00665,John,Sanders,6043361045,Male,IT,83.72
ST00666,Mia,Evans,9284720367,Female,IT,82.11
ST00667,Chloe,Perez,5899901287,Male,IT,70.69
ST00668,Aiden,Cox,1163584443,Male,BUSINESS,92.19
ST00669,Penelope,Taylor,9398880040,Male,IT,94.86
ST00670,James,Hall,4694991010,Male,DESIGN,74.02
ST00671,Chloe,Bailey,9589790441,Female,DESIGN,98.05
ST00672,Matthew,Phillips,3760509860,Male,BUSINESS,82.76
ST00673,Amelia,Stewart,8938450614,Female,BUSINESS,85.35
ST00674,Aiden,Morris,3174186778,Female,DESIGN,98.43
ST00675,Penelope,Brown,5142684497,Male,DESIGN,74.04
ST00676,Elizabeth,Phillips,2597958878,Female,DESIGN,86.15
ST00677,Liam,Richardson,4937090900,Female,DESIGN,95.97
ST00678,Lily,Evans,5507543715,Female,BUSINESS,84.25
ST00679,Abigail,Rogers,5952544079,Male,IT,93.84
ST00680,Ella,Miller,7368185250,Female,IT,73.3
ST00681,Benjamin,Baker,9022247854,Male,IT,76.05
ST00682,Benjamin,Roberts,4786599324,Male,DESIGN,97.16
ST00683,Carter,Brown,1950535156,Female,IT,85.33
ST00684,Ava,Ward,8170348712,Female,IT,74.81
ST00685,Luna,Turner,7258914160,Female,BUSINESS,71.5
ST00686,Jonathan,Mitchell,7802539156,Male,BUSINESS,92.15
ST00687,Sebastian,Baker,2970473419,Male,DESIGN,80.81
ST00688,Grace,Brown,6927589543,Male,DESIGN,95.51
ST00689,Joseph,Perez,7502583788,Male,IT,70.26
ST00690,Benjamin,Campbell,8309308308,Male,BUSINESS,70.59
ST00691,Christopher,Johnson,2505991032,Female,BUSINESS,93.16
ST00692,Emma,Lewis,2462159808,Male,IT,79.26
ST00693,Joseph,Jones,7212121971,Male,BUSINESS,75.02
ST00694,Grace,Taylor,8431183268,Male,IT,91.56
ST00695,Abigail,Young,8498351866,Female,DESIGN,81.86
ST00696,Noah,Rivera,2036069313,Male,DESIGN,87.21
ST00697,William,Cook,2649957558,Male,BUSINESS,72.42
ST00698,Daniel,Smith,6990928909,Female,BUSINESS,97.09
ST00699,Camila,Taylor,2484591647,Female,BUSINESS,71.85
ST00700,Scarlett,Campbell,8339322714,Female,BUSINESS,71.71
ST00701,Carter,Stewart,7160252299,Female,BUSINESS,77.93
ST00702,Emma,Miller,3439814044,Male,BUSINESS,76.79
ST00703,Jackson,Richardson,9781210057,Male,IT,98.33
ST00704,Scarlett,Miller,8924865219,Female,IT,83.53
ST00705,David,Cooper,2027946493,Male,IT,74.54
ST00706,Scarlett,Gonzalez,8774736058,Male,IT,86.67
ST00707,Aiden,Edwards,2391624715,Female,DESIGN,87.57
ST00708,Liam,Cox,6850403620,Female,BUSINESS,90.75
ST00709,Christopher,Nelson,0804681395,Female,BUSINESS,70.46
ST00710,Mia,Morgan,5945923942,Female,IT,81.57
ST00711,Michael,Collins,6367976129,Male,IT,93.92
ST00712,Penelope,Young,4959805163,Female,BUSINESS,75.52
ST00713,Sophia,Hall,4811599163,Female,IT,82.06
ST00714,Elizabeth,Edwards,8382114186,Male,BUSINESS,86.21
ST00715,Sophia,Scott,1496892125,Male,DESIGN,77.06
ST00716,Luna,Wright,4471239849,Female,BUSINESS,85.29
ST00717,Oliver,Price,9809515985,Female,BUSINESS,81.94
ST00718,Emma,Edwards,1739548212,Male,BUSINESS,78.59
ST00719,Mila,Gonzalez,8984298266,Male,IT,94.72
ST00720,Penelope,Wilson,2575570218,Female,BUSINESS,91.19
ST00721,Charlotte,Carter,7067642533,Female,DESIGN,81.92
ST00722,Sofia,Collins,7033048805,Female,DESIGN,91.79
ST00723,Mia,Clark,8212046468,Female,BUSINESS,97.61
ST00724,Sebastian,Roberts,5744868230,Male,BUSINESS,78.06
ST00725,James,Wilson,8826546005,Male,DESIGN,96.04
ST00726,Abigail,Cook,1903890585,Male,IT,85.98
ST00727,Emma,Nelson,4246963482,Male,DESIGN,85.36
ST00728,Benjamin,Wilson,2014431047,Male,IT,77.27
ST00729,Emma,Turner,8765954842,Female,DESIGN,85.17
ST00730,Carter,Walker,9851529526,Male,BUSINESS,93.95
ST00731,Jonathan,Clark,1883679767,Male,BUSINESS,78.62
ST00732,Sofia,Cooper,5079035079,Female,BUSINESS,88.2
ST00733,Aiden,Jones,4739937766,Male,DESIGN,71.64
ST00734,Carter,Walker,5795310216,Female,BUSINESS,96.2
ST00735,Penelope,Wilson,2171491629,Female,BUSINESS,77.36
ST00736,Oliver,Rogers,5278705358,Male,IT,87.91
ST00737,Benjamin,Jones,7488166153,Male,BUSINESS,99.46
ST00738,Amelia,Gonzalez,9431869064,Male,IT,83.67
ST00739,Lucas,Rogers,1971926070,Female,DESIGN,84.49
ST00740,Emily,Scott,9164303579,Female,DESIGN,75.22
ST00741,Madison,Perez,3101523207,Male,BUSINESS,98.71
ST00742,Sofia,Jones,3905989277,Male,DESIGN,96.48
ST00743,Elijah,Rivera,7922907109,Female,BUSINESS,85.22
ST00744,Carter,Taylor,4052095580,Female,IT,94.29
ST00745,Carter,Adams,5453727260,Male,BUSINESS,76.18
ST00746,Eleanor,Sanchez,1655040924,Female,BUSINESS,96.58
ST00747,William,Murphy,6702051732,Female,DESIGN,97.65
ST00748,Emily,Baker,9411639623,Female,DESIGN,94.28
ST00749,Henry,Green,3091261901,Male,IT,72.22
ST00750,John,Edwards,0156060556,Female,DESIGN,81.7
ST00751,Amelia,Richardson,8882065251,Male,IT,94.87
ST00752,Noah,Collins,8410457523,Female,IT,77.54
ST00753,John,Murphy,8816556981,Male,BUSINESS,94.95
ST00754,Jonathan,Lewis,2432941821,Male,IT,84.37
ST00755,Liam,Turner,2484976247,Male,DESIGN,99.66
ST00756,Christopher,Murphy,8489592387,Female,IT,98.86
ST00757,Ryan,Walker,4069321307,Female,IT,85.48
ST00758,Ella,Sanders,6201209726,Female,IT,79.81
ST00759,Sophia,Young,5733376162,Male,BUSINESS,70.43
ST00760,Christopher,Wright,9501496768,Male,BUSINESS,88.22
ST00761,Noah,Green,3998943071,Male,IT,81.87
ST00762,David,Evans,2811653482,Male,BUSINESS,75.23
ST00763,Emma,Williams,3841146824,Male,DESIGN,86.07
ST00764,Olivia,Walker,6595211434,Male,BUSINESS,72.47
ST00765,Camila,Smith,8803057608,Male,IT,92.38
ST00766,Chloe,Howard,2464332015,Female,BUSINESS,84.21
ST00767,Evelyn,Murphy,3334149796,Male,IT,84.77
ST00768,Jonathan,Jones,8992562040,Male,DESIGN,83.38
ST00769,Ryan,Morris,7638312466,Female,BUSINESS,92.66
ST00770,Daniel,Morgan,6001451463,Female,IT,76.24
ST00771,Daniel,Cox,6432186143,Male,BUSINESS,81.76
ST00772,Camila,Scott,8759767863,Male,IT,91.71
ST00773,Charlotte,Sanchez,8375250326,Female,IT,86.1
ST00774,Michael,Lewis,3711583034,Female,DESIGN,78.58
ST00775,Camila,Miller,4465986625,Female,DESIGN,98.71
ST00776,Mia,Scott,5729340388,Male,BUSINESS,84.11
ST00777,Mia,King,3620980330,Female,IT,73.92
ST00778,Sebastian,Smith,9168642533,Female,DESIGN,78.65
ST00779,Harper,King,1782035334,Female,DESIGN,99.22
ST00780,Liam,Morris,9229185478,Male,IT,78.43
ST00781,Michael,Rivera,5316245205,Male,BUSINESS,79.26
ST00782,Olivia,Wright,7237435355,Female,BUSINESS,89.38
ST00783,Aiden,Collins,9385363454,Male,IT,72.23
ST00784,Liam,Allen,8966001617,Male,IT,70.09
ST00785,Oliver,Perez,7261308076,Male,BUSINESS,90.31
ST00786,Abigail,Campbell,6368026891,Male,BUSINESS,72.59
ST00787,Penelope,Smith,8378622014,Female,DESIGN,80.08
ST00788,Noah,Richardson,3989657433,Female,DESIGN,82.55
ST00789,Lily,Stewart,6794527820,Female,BUSINESS,75.08
ST00790,Carter,Turner,9933443014,Female,IT,85.67
ST00791,Ryan,Richardson,0918079084,Male,IT,81.84
ST00792,Victoria,Reed,5811180817,Male,BUSINESS,90.3
ST00793,Jonathan,Cox,8616283286,Female,DESIGN,73.21
ST00794,Penelope,Davis,8082111731,Female,IT,89.62
ST00795,Ella,Cox,7420972236,Male,BUSINESS,90.29
ST00796,Lucas,Rogers,5224675768,Female,DESIGN,81.81
ST00797,Lucas,Clark,0102051549,Female,DESIGN,76.9
ST00798,Elizabeth,Brown,2522551140,Male,BUSINESS,75.88
ST00799,Scarlett,Turner,9528743333,Male,IT,90.56
ST00800,Emma,Richardson,4277665725,Female,BUSINESS,92.37
ST00801,Henry,Stewart,4771518176,Female,DESIGN,85.0
ST00802,Harper,Nelson,8816165899,Female,DESIGN,82.62
ST00803,Liam,Phillips,6724542009,Male,DESIGN,71.79
ST00804,Evelyn,Murphy,3498387448,Female,IT,86.47
ST00805,Evelyn,Baker,8250352239,Female,BUSINESS,93.45
ST00806,Lily,Collins,4767401755,Male,IT,79.85
ST00807,Scarlett,Morgan,2307697687,Male,DESIGN,99.12
ST00808,Harper,Davis,1926797137,Male,BUSINESS,96.66
ST00809,Daniel,Cook,8964822982,Male,BUSINESS,86.4
ST00810,Aiden,Allen,4101028145,Female,IT,78.37
ST00811,Evelyn,Perez,9579344734,Female,DESIGN,76.33
ST00812,Penelope,Price,2820611847,Male,IT,84.63
ST00813,Emily,Young,9550749468,Male,IT,76.21
ST00814,Jonathan,Adams,5296253097,Female,IT,75.48
ST00815,Sebastian,Sanders,5046032261,Female,DESIGN,76.8
ST00816,Aiden,Roberts,6980420184,Male,DESIGN,98.26
ST00817,Huy,Nguyen,9991567890,Male,IT,95.4
